Text,Liked
"['wow', 'loved', 'place']",1
"['crust', 'not', 'good']",0
"['not', 'tasty', 'texture', 'nasty']",0
"['stopped', 'late', 'may', 'bank', 'holiday', 'rick', 'steve', 'recommendation', 'loved']",1
"['selection', 'menu', 'great', 'price']",1
"['getting', 'angry', 'want', 'damn', 'pho']",0
"['honeslty', 'didnt', 'taste', 'fresh']",0
"['potato', 'like', 'rubber', 'could', 'tell', 'made', 'ahead', 'time', 'kept', 'warmer']",0
"['fry', 'great']",1
"['great', 'touch']",1
"['service', 'prompt']",1
"['would', 'not', 'go', 'back']",0
"['cashier', 'care', 'ever', 'say', 'still', 'ended', 'wayyy', 'overpriced']",0
"['tried', 'cape', 'cod', 'ravoli', 'chicken', 'cranberrymmmm']",1
"['disgusted', 'pretty', 'sure', 'human', 'hair']",0
"['shocked', 'sign', 'indicate', 'cash']",0
"['highly', 'recommended']",1
"['waitress', 'little', 'slow', 'service']",0
"['place', 'not', 'worth', 'time', 'let', 'alone', 'vega']",0
"['not', 'like']",0
"['burrittos', 'blah']",0
"['food', 'amazing']",1
"['service', 'also', 'cute']",1
"['could', 'care', 'le', 'interior', 'beautiful']",1
['performed'],1
"['thats', 'rightthe', 'red', 'velvet', 'cakeohhh', 'stuff', 'good']",1
"['never', 'brought', 'salad', 'asked']",0
"['hole', 'wall', 'great', 'mexican', 'street', 'taco', 'friendly', 'staff']",1
"['took', 'hour', 'get', 'food', '4', 'table', 'restaurant', 'food', 'luke', 'warm', 'sever', 'running', 'around', 'like', 'totally', 'overwhelmed']",0
"['worst', 'salmon', 'sashimi']",0
"['also', 'combo', 'like', 'burger', 'fry', 'beer', '23', 'decent', 'deal']",1
"['like', 'final', 'blow']",0
"['found', 'place', 'accident', 'could', 'not', 'happier']",1
"['seems', 'like', 'good', 'quick', 'place', 'grab', 'bite', 'familiar', 'pub', 'food', 'favor', 'look', 'elsewhere']",0
"['overall', 'like', 'place', 'lot']",1
"['redeeming', 'quality', 'restaurant', 'inexpensive']",1
"['ample', 'portion', 'good', 'price']",1
"['poor', 'service', 'waiter', 'made', 'feel', 'like', 'stupid', 'every', 'time', 'came', 'table']",0
"['first', 'visit', 'hiro', 'delight']",1
"['service', 'suck']",0
"['shrimp', 'tender', 'moist']",1
"['not', 'deal', 'good', 'enough', 'would', 'drag', 'establishment']",0
"['hard', 'judge', 'whether', 'side', 'good', 'grossed', 'melted', 'styrofoam', 'didnt', 'want', 'eat', 'fear', 'getting', 'sick']",0
"['positive', 'note', 'server', 'attentive', 'provided', 'great', 'service']",1
"['frozen', 'puck', 'disgust', 'worst', 'people', 'behind', 'register']",0
"['thing', 'like', 'prime', 'rib', 'dessert', 'section']",1
"['bad', 'food', 'damn', 'generic']",0
"['burger', 'good', 'beef', 'cooked', 'right']",1
"['want', 'sandwich', 'go', 'firehouse']",1
"['side', 'greek', 'salad', 'greek', 'dressing', 'tasty', 'pita', 'hummus', 'refreshing']",1
"['ordered', 'duck', 'rare', 'pink', 'tender', 'inside', 'nice', 'char', 'outside']",1
"['came', 'running', 'u', 'realized', 'husband', 'left', 'sunglass', 'table']",1
"['chow', 'mein', 'good']",1
"['horrible', 'attitude', 'towards', 'customer', 'talk', 'one', 'customer', 'dont', 'enjoy', 'food']",0
"['portion', 'huge']",1
"['loved', 'itfriendly', 'server', 'great', 'food', 'wonderful', 'imaginative', 'menu']",1
"['heart', 'attack', 'grill', 'downtown', 'vega', 'absolutely', 'flatlined', 'excuse', 'restaurant']",0
"['not', 'much', 'seafood', 'like', '5', 'string', 'pasta', 'bottom']",0
"['salad', 'right', 'amount', 'sauce', 'not', 'power', 'scallop', 'perfectly', 'cooked']",1
"['ripped', 'banana', 'not', 'ripped', 'petrified', 'tasteless']",0
"['least', 'think', 'refill', 'water', 'struggle', 'wave', '10', 'minute']",0
"['place', 'receives', 'star', 'appetizer']",1
"['cocktail', 'handmade', 'delicious']",1
"['wed', 'definitely', 'go', 'back']",1
"['glad', 'found', 'place']",1
"['great', 'food', 'service', 'huge', 'portion', 'give', 'military', 'discount']",1
"['always', 'great', 'time', 'do', 'gringo']",1
"['updatewent', 'back', 'second', 'time', 'still', 'amazing']",1
"['got', 'food', 'apparently', 'never', 'heard', 'salt', 'batter', 'fish', 'chewy']",0
"['great', 'way', 'finish', 'great']",1
"['deal', 'included', '5', 'tasting', '2', 'drink', 'jeff', 'went', 'beyond', 'expected']",1
"['really', 'really', 'good', 'rice', 'time']",1
"['service', 'meh']",0
"['took', '30', 'min', 'get', 'milkshake', 'nothing', 'chocolate', 'milk']",0
"['guess', 'known', 'place', 'would', 'suck', 'inside', 'excalibur', 'didnt', 'use', 'common', 'sense']",0
"['scallop', 'dish', 'quite', 'appalling', 'value', 'well']",0
"['2', 'time', 'bad', 'customer', 'service']",0
"['sweet', 'potato', 'fry', 'good', 'seasoned', 'well']",1
"['today', 'second', 'time', 'ive', 'lunch', 'buffet', 'pretty', 'good']",1
"['much', 'good', 'food', 'vega', 'feel', 'cheated', 'wasting', 'eating', 'opportunity', 'going', 'rice', 'company']",0
"['coming', 'like', 'experiencing', 'underwhelming', 'relationship', 'party', 'cant', 'wait', 'person', 'ask', 'break']",0
"['walked', 'place', 'smelled', 'like', 'old', 'grease', 'trap', '2', 'others', 'eating']",0
"['turkey', 'roast', 'beef', 'bland']",0
['place'],1
"['pan', 'cake', 'everyone', 'raving', 'taste', 'like', 'sugary', 'disaster', 'tailored', 'palate', 'six', 'year', 'old']",0
"['love', 'pho', 'spring', 'roll', 'oh', 'yummy', 'try']",1
"['poor', 'batter', 'meat', 'ratio', 'made', 'chicken', 'tender', 'unsatisfying']",0
"['say', 'food', 'amazing']",1
"['omelet', 'die']",1
"['everything', 'fresh', 'delicious']",1
"['summary', 'largely', 'disappointing', 'dining', 'experience']",0
"['like', 'really', 'sexy', 'party', 'mouth', 'youre', 'outrageously', 'flirting', 'hottest', 'person', 'party']",1
"['never', 'hard', 'rock', 'casino', 'never', 'ever', 'step', 'forward']",0
"['best', 'breakfast', 'buffet']",1
"['say', 'bye', 'bye', 'tip', 'lady']",0
"['well', 'never', 'go']",0
['back'],1
"['food', 'arrived', 'quickly']",1
"['not', 'good']",0
"['side', 'cafe', 'serf', 'really', 'good', 'food']",1
"['server', 'fantastic', 'found', 'wife', 'love', 'roasted', 'garlic', 'bone', 'marrow', 'added', 'extra', 'meal', 'another', 'marrow', 'go']",1
"['good', 'thing', 'waiter', 'helpful', 'kept', 'bloddy', 'mary', 'coming']",1
"['best', 'buffet', 'town', 'price', 'cannot', 'beat']",1
"['loved', 'mussel', 'cooked', 'wine', 'reduction', 'duck', 'tender', 'potato', 'dish', 'delicious']",1
"['one', 'better', 'buffet']",1
"['went', 'tigerlilly', 'fantastic', 'afternoon']",1
"['food', 'delicious', 'bartender', 'attentive', 'personable', 'got', 'great', 'deal']",1
"['ambience', 'wonderful', 'music', 'playing']",1
"['go', 'back', 'next', 'trip']",1
"['sooooo', 'good']",1
"['real', 'sushi', 'lover', 'let', 'honest', 'yama', 'not', 'good']",0
"['least', '40min', 'passed', 'u', 'ordering', 'food', 'arriving', 'wasnt', 'busy']",0
"['really', 'fantastic', 'thai', 'restaurant', 'definitely', 'worth', 'visit']",1
"['nice', 'spicy', 'tender']",1
"['good', 'price']",1
['check'],1
"['pretty', 'gross']",0
"['ive', 'better', 'atmosphere']",0
"['kind', 'hard', 'mess', 'steak']",0
"['although', 'much', 'liked', 'look', 'sound', 'place', 'actual', 'experience', 'bit', 'disappointing']",0
"['dont', 'know', 'place', 'managed', 'served', 'blandest', 'food', 'ever', 'eaten', 'preparing', 'indian', 'cuisine']",0
"['worst', 'service', 'boot', 'least', 'worry']",0
"['service', 'fine', 'waitress', 'friendly']",1
"['guy', 'steak', 'steak', 'loving', 'son', 'steak', 'best', 'worst', 'place', 'said', 'best', 'steak', 'he', 'ever', 'eaten']",1
"['thought', 'youd', 'venture', 'away', 'get', 'good', 'sushi', 'place', 'really', 'hit', 'spot', 'night']",1
"['host', 'staff', 'lack', 'better', 'word', 'bitch']",0
"['bland', 'not', 'liking', 'place', 'number', 'reason', 'dont', 'want', 'waste', 'time', 'bad', 'reviewing', 'ill', 'leave']",0
"['phenomenal', 'food', 'service', 'ambiance']",1
"['wouldnt', 'return']",0
"['definitely', 'worth', 'venturing', 'strip', 'pork', 'belly', 'return', 'next', 'time', 'im', 'vega']",1
"['place', 'way', 'overpriced', 'mediocre', 'food']",0
"['penne', 'vodka', 'excellent']",1
"['good', 'selection', 'food', 'including', 'massive', 'meatloaf', 'sandwich', 'crispy', 'chicken', 'wrap', 'delish', 'tuna', 'melt', 'tasty', 'burger']",1
"['management', 'rude']",0
"['delicious', 'nyc', 'bagel', 'good', 'selection', 'cream', 'cheese', 'real', 'lox', 'caper', 'even']",1
"['great', 'subway', 'fact', 'good', 'come', 'every', 'subway', 'not', 'meet', 'expectation']",1
"['seriously', 'solid', 'breakfast']",1
"['one', 'best', 'bar', 'food', 'vega']",1
"['extremely', 'rude', 'really', 'many', 'restaurant', 'would', 'love', 'dine', 'weekend', 'vega']",0
"['drink', 'never', 'empty', 'made', 'really', 'great', 'menu', 'suggestion']",1
['dont'],0
"['waiter', 'wasnt', 'helpful', 'friendly', 'rarely', 'checked', 'u']",0
"['husband', 'ate', 'lunch', 'disappointed', 'food', 'service']",0
"['red', 'curry', 'much', 'bamboo', 'shoot', 'wasnt', 'tasty']",0
"['nice', 'blanket', 'moz', 'top', 'feel', 'like', 'done', 'cover', 'subpar', 'food']",1
"['bathroom', 'clean', 'place', 'well', 'decorated']",1
"['menu', 'always', 'changing', 'food', 'quality', 'going', 'service', 'extremely', 'slow']",0
"['service', 'little', 'slow', 'considering', 'served', '3', 'people', 'server', 'food', 'coming', 'slow', 'pace']",0
"['give', '2', 'thumb']",0
"['watched', 'waiter', 'pay', 'lot', 'attention', 'table', 'ignore', 'u']",0
"['fiancé', 'came', 'middle', 'day', 'greeted', 'seated', 'right', 'away']",1
"['great', 'restaurant', 'mandalay', 'bay']",1
"['waited', 'forty', 'five', 'minute', 'vain']",0
"['crostini', 'came', 'salad', 'stale']",0
"['highlight', 'great', 'quality', 'nigiri']",1
"['staff', 'friendly', 'joint', 'always', 'clean']",1
"['different', 'cut', 'piece', 'day', 'still', 'wonderful', 'tender', 'well', 'well', 'flavored']",1
"['ordered', 'voodoo', 'pasta', 'first', 'time', 'id', 'really', 'excellent', 'pasta', 'since', 'going', 'gluten', 'free', 'several', 'year', 'ago']",1
"['place', 'good']",1
"['unfortunately', 'must', 'hit', 'bakery', 'leftover', 'day', 'everything', 'ordered', 'stale']",0
"['came', 'back', 'today', 'since', 'relocated', 'still', 'not', 'impressed']",0
"['seated', 'immediately']",1
"['menu', 'diverse', 'reasonably', 'priced']",1
"['avoid', 'cost']",0
"['restaurant', 'always', 'full', 'never', 'wait']",1
['delicious'],1
"['place', 'handsdown', 'one', 'best', 'place', 'eat', 'phoenix', 'metro', 'area']",1
"['dont', 'go', 'looking', 'good', 'food']",0
"['ive', 'never', 'treated', 'bad']",0
"['bacon', 'hella', 'salty']",1
"['also', 'ordered', 'spinach', 'avocado', 'salad', 'ingredient', 'sad', 'dressing', 'literally', 'zero', 'taste']",0
"['really', 'vega', 'fine', 'dining', 'used', 'right', 'menu', 'handed', 'lady', 'price', 'listed']",1
"['waitress', 'friendly']",1
"['lordy', 'khao', 'soi', 'dish', 'not', 'missed', 'curry', 'lover']",1
"['everything', 'menu', 'terrific', 'also', 'thrilled', 'made', 'amazing', 'accommodation', 'vegetarian', 'daughter']",1
"['perhaps', 'caught', 'night', 'judging', 'review', 'im', 'not', 'inspired', 'go', 'back']",0
"['service', 'leaf', 'lot', 'desired']",0
"['atmosphere', 'modern', 'hip', 'maintaining', 'touch', 'coziness']",1
"['not', 'weekly', 'haunt', 'definitely', 'place', 'come', 'back', 'every']",1
"['literally', 'sat', '20', 'minute', 'one', 'asking', 'take', 'order']",0
"['burger', 'absolutely', 'flavor', 'meat', 'totally', 'bland', 'burger', 'overcooked', 'charcoal', 'flavor']",0
"['also', 'decided', 'not', 'send', 'back', 'waitress', 'looked', 'like', 'verge', 'heart', 'attack']",0
"['dressed', 'treated', 'rudely']",0
"['probably', 'dirt']",0
"['love', 'place', 'hit', 'spot', 'want', 'something', 'healthy', 'not', 'lacking', 'quantity', 'flavor']",1
"['ordered', 'lemon', 'raspberry', 'ice', 'cocktail', 'also', 'incredible']",1
"['food', 'sucked', 'expected', 'sucked', 'could', 'imagined']",0
"['interesting', 'decor']",1
"['really', 'like', 'crepe', 'station']",1
"['also', 'served', 'hot', 'bread', 'butter', 'home', 'made', 'potato', 'chip', 'bacon', 'bit', 'topvery', 'original', 'good']",1
"['watch', 'preparing', 'delicious', 'food']",1
"['egg', 'roll', 'fantastic']",1
"['order', 'arrived', 'one', 'gyro', 'missing']",0
"['salad', 'wing', 'ice', 'cream', 'dessert', 'left', 'feeling', 'quite', 'satisfied']",1
"['im', 'not', 'really', 'sure', 'joeys', 'voted', 'best', 'hot', 'dog', 'valley', 'reader', 'phoenix', 'magazine']",0
"['best', 'place', 'go', 'tasty', 'bowl', 'pho']",1
"['live', 'music', 'friday', 'totally', 'blow']",0
"['ive', 'never', 'insulted', 'felt', 'disrespected']",0
"['friendly', 'staff']",1
"['worth', 'drive']",1
"['heard', 'good', 'thing', 'place', 'exceeding', 'every', 'hope', 'could', 'dreamed']",1
"['food', 'great', 'serivce']",1
"['warm', 'beer', 'didnt', 'help']",0
"['great', 'brunch', 'spot']",1
"['service', 'friendly', 'inviting']",1
"['good', 'lunch', 'spot']",1
"['ive', 'lived', 'since', '1979', 'first', 'last', 'time', 'ive', 'stepped', 'foot', 'place']",0
"['worst', 'experience', 'ever']",0
"['must', 'night', 'place']",0
"['side', 'delish', 'mixed', 'mushroom', 'yukon', 'gold', 'puree', 'white', 'corn', 'beateous']",1
"['bug', 'never', 'showed', 'would', 'given', '4', 'sure', 'side', 'wall', 'bug', 'climbing', 'kitchen']",0
"['10', 'minute', 'waiting', 'salad', 'realized', 'wasnt', 'coming', 'time', 'soon']",0
"['friend', 'loved', 'salmon', 'tartar']",1
"['wont', 'go', 'back']",0
"['extremely', 'tasty']",1
"['waitress', 'good', 'though']",1
"['soggy', 'not', 'good']",0
"['jamaican', 'mojitos', 'delicious']",1
"['small', 'not', 'worth', 'price']",0
"['food', 'rich', 'order', 'accordingly']",1
"['shower', 'area', 'outside', 'rinse', 'not', 'take', 'full', 'shower', 'unless', 'dont', 'mind', 'nude', 'everyone', 'see']",0
"['service', 'bit', 'lacking']",0
"['lobster', 'bisque', 'bussell', 'sprout', 'risotto', 'filet', 'needed', 'salt', 'pepperand', 'course', 'none', 'table']",0
"['hopefully', 'bodes', 'going', 'business', 'someone', 'cook', 'come']",0
"['either', 'cold', 'not', 'enough', 'flavor', 'bad']",0
"['loved', 'bacon', 'wrapped', 'date']",1
"['unbelievable', 'bargain']",1
"['folk', 'otto', 'always', 'make', 'u', 'feel', 'welcome', 'special']",1
"['main', 'also', 'uninspired']",0
"['place', 'first', 'pho', 'amazing']",1
"['wonderful', 'experience', 'made', 'place', 'muststop', 'whenever', 'town']",1
"['food', 'isnt', 'bad', 'enough', 'enjoy', 'dealing', 'world', 'worstannoying', 'drunk', 'people']",0
"['fun', 'chef']",1
"['ordered', 'double', 'cheeseburger', 'got', 'single', 'patty', 'falling', 'apart', 'picture', 'uploaded', 'yeah', 'still', 'suck']",0
"['great', 'place', 'couple', 'drink', 'watch', 'sporting', 'event', 'wall', 'covered', 'tv']",1
"['possible', 'give', 'zero', 'star', 'theyd']",0
"['description', 'said', 'yum', 'yum', 'sauce', 'another', 'said', 'eel', 'sauce', 'yet', 'another', 'said', 'spicy', 'mayowell', 'none', 'roll', 'sauce']",0
"['id', 'say', 'would', 'hardest', 'decision', 'honestly', 'm', 'dish', 'taste', 'supposed', 'taste', 'amazing']",1
"['not', 'rolled', 'eye', 'may', 'stayed', 'not', 'sure', 'go', 'back', 'try']",0
"['everyone', 'attentive', 'providing', 'excellent', 'customer', 'service']",1
"['horrible', 'dont', 'waste', 'time', 'money']",0
"['dish', 'quite', 'flavourful']",1
"['time', 'side', 'restaurant', 'almost', 'empty', 'excuse']",0
"['wasnt', 'busy', 'either', 'also', 'building', 'freezing', 'cold']",0
"['like', 'reviewer', 'said', 'couldnt', 'pay', 'eat', 'place']",0
"['drink', 'took', 'close', '30', 'minute', 'come', 'one', 'point']",0
"['seriously', 'flavorful', 'delight', 'folk']",1
"['much', 'better', 'ayce', 'sushi', 'place', 'went', 'vega']",1
"['lighting', 'dark', 'enough', 'set', 'mood']",1
"['based', 'subpar', 'service', 'received', 'effort', 'show', 'gratitude', 'business', 'wont', 'going', 'back']",0
"['owner', 'really', 'great', 'people']",1
"['nothing', 'privileged', 'workingeating']",0
"['greek', 'dressing', 'creamy', 'flavorful']",1
"['overall', 'dont', 'think', 'would', 'take', 'parent', 'place', 'made', 'similar', 'complaint', 'silently', 'felt']",0
"['pizza', 'good', 'peanut', 'sauce', 'tasty']",1
"['7', 'table', 'service', 'pretty', 'fast']",1
"['fantastic', 'service']",1
"['well', 'wouldve', 'given', 'godfather', 'zero', 'star', 'possible']",0
"['know', 'make']",1
"['tough', 'short', 'flavor']",0
"['hope', 'place', 'stick', 'around']",1
"['bar', 'vega', 'not', 'ever', 'recall', 'charged', 'tap', 'water']",0
"['restaurant', 'atmosphere', 'exquisite']",1
"['good', 'service', 'clean', 'inexpensive', 'boot']",1
"['seafood', 'fresh', 'generous', 'portion']",1
"['plus', '8', 'buck']",1
"['service', 'not', 'par', 'either']",0
"['thus', 'far', 'visited', 'twice', 'food', 'absolutely', 'delicious', 'time']",1
"['good', 'year', 'ago']",1
"['self', 'proclaimed', 'coffee', 'cafe', 'wildly', 'disappointed']",0
"['veggitarian', 'platter', 'world']",1
"['cant', 'go', 'wrong', 'food']",1
"['cant', 'beat']",1
"['stopped', 'place', 'madison', 'ironman', 'friendly', 'kind', 'staff']",1
"['chef', 'friendly', 'good', 'job']",1
"['ive', 'better', 'not', 'dedicated', 'boba', 'tea', 'spot', 'even', 'jenni', 'pho']",0
"['liked', 'patio', 'service', 'outstanding']",1
"['goat', 'taco', 'didnt', 'skimp', 'meat', 'wow', 'flavor']",1
"['think', 'not']",0
"['mac', 'salad', 'pretty', 'bland', 'not', 'getting']",0
"['went', 'bachi', 'burger', 'friend', 'recommendation', 'not', 'disappointed']",1
"['service', 'stink']",0
"['waited', 'waited']",0
"['place', 'not', 'quality', 'sushi', 'not', 'quality', 'restaurant']",0
"['would', 'definitely', 'recommend', 'wing', 'well', 'pizza']",1
"['great', 'pizza', 'salad']",1
"['thing', 'went', 'wrong', 'burned', 'saganaki']",0
"['waited', 'hour', 'breakfast', 'could', 'done', '100', 'time', 'better', 'home']",0
"['place', 'amazing']",1
"['hate', 'disagree', 'fellow', 'yelpers', 'husband', 'disappointed', 'place']",0
"['waited', '2', 'hour', 'never', 'got', 'either', 'pizza', 'many', 'around', 'u', 'came', 'later']",0
"['dont', 'know', 'slow']",0
"['staff', 'great', 'food', 'delish', 'incredible', 'beer', 'selection']",1
"['live', 'neighborhood', 'disappointed', 'wont', 'back', 'convenient', 'location']",0
"['didnt', 'know', 'pulled', 'pork', 'could', 'soooo', 'delicious']",1
"['get', 'incredibly', 'fresh', 'fish', 'prepared', 'care']",1
"['go', 'gave', '1', 'star', 'rating', 'please', 'know', 'third', 'time', 'eating', 'bachi', 'burger', 'writing', 'review']",0
"['love', 'fact', 'everything', 'menu', 'worth']",1
"['never', 'dining', 'place']",0
"['food', 'excellent', 'service', 'good']",1
"['good', 'beer', 'drink', 'selection', 'good', 'food', 'selection']",1
"['please', 'stay', 'away', 'shrimp', 'stir', 'fried', 'noodle']",0
"['potato', 'chip', 'order', 'sad', 'could', 'probably', 'count', 'many', 'chip', 'box', 'probably', 'around', '12']",0
"['food', 'really', 'boring']",0
"['good', 'servicecheck']",1
"['greedy', 'corporation', 'never', 'see', 'another', 'dime']",0
"['never', 'ever', 'go', 'back']",0
"['much', 'id', 'like', 'go', 'back', 'cant', 'get', 'passed', 'atrocious', 'service', 'never', 'return']",0
"['summer', 'dine', 'charming', 'outdoor', 'patio', 'delightful']",1
"['not', 'expect', 'good']",1
"['fantastic', 'food']",1
"['ordered', 'toasted', 'english', 'muffin', 'came', 'untoasted']",0
"['food', 'good']",1
"['never', 'going', 'back']",0
"['great', 'food', 'price', 'high', 'quality', 'house', 'made']",1
"['bus', 'boy', 'hand', 'rude']",0
"['point', 'friend', 'basically', 'figured', 'place', 'joke', 'didnt', 'mind', 'making', 'publicly', 'loudly', 'known']",0
"['back', 'good', 'bbq', 'lighter', 'fare', 'reasonable', 'pricing', 'tell', 'public', 'back', 'old', 'way']",1
"['considering', 'two', 'u', 'left', 'full', 'happy', '20', 'cant', 'go', 'wrong']",1
"['bread', 'made', 'inhouse']",1
"['downside', 'service']",0
"['also', 'fry', 'without', 'doubt', 'worst', 'fry', 'ive', 'ever']",0
"['service', 'exceptional', 'food', 'good', 'review']",1
"['couple', 'month', 'later', 'returned', 'amazing', 'meal']",1
"['favorite', 'place', 'town', 'shawarrrrrrma']",1
"['black', 'eyed', 'pea', 'sweet', 'potato', 'unreal']",1
"['wont', 'disappointed']",1
"['could', 'serve', 'vinaigrette', 'may', 'make', 'better', 'overall', 'dish', 'still', 'good']",1
"['go', 'far', 'many', 'place', 'ive', 'never', 'seen', 'restaurant', 'serf', '1', 'egg', 'breakfast', 'especially', '400']",0
"['mom', 'got', 'home', 'immediately', 'got', 'sick', 'bite', 'salad']",0
"['server', 'not', 'pleasant', 'deal', 'dont', 'always', 'honor', 'pizza', 'hut', 'coupon']",0
"['truly', 'unbelievably', 'good', 'glad', 'went', 'back']",1
"['fantastic', 'service', 'pleased', 'atmosphere']",1
"['everything', 'gross']",0
"['love', 'place']",1
"['great', 'service', 'food']",1
"['first', 'bathroom', 'location', 'dirty', 'seat', 'cover', 'not', 'replenished', 'plain', 'yucky']",0
"['burger', 'got', 'gold', 'standard', '17', 'burger', 'kind', 'disappointed']",0
"['omg', 'food', 'delicioso']",1
"['nothing', 'authentic', 'place']",0
"['spaghetti', 'nothing', 'special', 'whatsoever']",0
"['dish', 'salmon', 'best', 'great']",1
"['vegetable', 'fresh', 'sauce', 'feel', 'like', 'authentic', 'thai']",1
"['worth', 'driving', 'tucson']",1
"['selection', 'probably', 'worst', 'ive', 'seen', 'vegasthere', 'none']",0
"['pretty', 'good', 'beer', 'selection']",1
"['place', 'like', 'chipotle', 'better']",1
"['classywarm', 'atmosphere', 'fun', 'fresh', 'appetizer', 'succulent', 'steak', 'baseball', 'steak']",1
"['5', 'star', 'brick', 'oven', 'bread', 'app']",1
"['eaten', 'multiple', 'time', 'time', 'food', 'delicious']",1
"['sat', 'another', 'ten', 'minute', 'finally', 'gave', 'left']",0
['terrible'],0
"['everyone', 'treated', 'equally', 'special']",1
"['shouldnt', 'take', '30', 'min', 'pancake', 'egg']",0
['delicious'],1
"['good', 'side', 'staff', 'genuinely', 'pleasant', 'enthusiastic', 'real', 'treat']",1
"['sadly', 'gordon', 'ramseys', 'steak', 'place', 'shall', 'sharply', 'avoid', 'next', 'trip', 'vega']",0
"['always', 'evening', 'wonderful', 'food', 'delicious']",1
"['best', 'fish', 'ive', 'ever', 'life']",1
"['bathroom', 'next', 'door', 'nice']",1
"['buffet', 'small', 'food', 'offered', 'bland']",0
"['outstanding', 'little', 'restaurant', 'best', 'food', 'ever', 'tasted']",1
"['pretty', 'cool', 'would', 'say']",1
"['definitely', 'turn', 'doubt', 'ill', 'back', 'unless', 'someone', 'else', 'buying']",0
"['server', 'great', 'job', 'handling', 'large', 'rowdy', 'table']",1
"['find', 'wasting', 'food', 'despicable', 'wasnt', 'food']",0
"['wife', 'lobster', 'bisque', 'soup', 'lukewarm']",0
"['would', 'come', 'back', 'sushi', 'craving', 'vega']",1
"['staff', 'great', 'ambiance', 'great']",1
"['deserves', '5', 'star']",1
"['left', 'stomach', 'ache', 'felt', 'sick', 'rest', 'day']",0
"['dropped', 'ball']",0
"['dining', 'space', 'tiny', 'elegantly', 'decorated', 'comfortable']",1
"['customize', 'order', 'way', 'youd', 'like', 'usual', 'eggplant', 'green', 'bean', 'stir', 'fry', 'love']",1
"['bean', 'rice', 'mediocre', 'best']",0
"['best', 'taco', 'town', 'far']",1
"['took', 'back', 'money', 'got', 'outta']",0
"['interesting', 'part', 'town', 'place', 'amazing']",1
"['rude', 'inconsiderate', 'management']",0
"['staff', 'not', 'friendly', 'wait', 'time', 'served', 'horrible', 'one', 'even', 'say', 'hi', 'first', '10', 'minute']",0
"['wont', 'back']",0
"['great', 'dinner']",1
"['service', 'outshining', 'definitely', 'recommend', 'halibut']",1
"['food', 'terrible']",0
"['never', 'ever', 'go', 'back', 'told', 'many', 'people', 'happened']",0
"['dont', 'recommend', 'unless', 'car', 'break', 'front', 'starving']",0
"['come', 'back', 'every', 'time', 'im', 'vega']",1
"['place', 'deserves', 'one', 'star', '90', 'food']",0
['disgrace'],0
"['def', 'coming', 'back', 'bowl', 'next', 'time']",1
"['want', 'healthy', 'authentic', 'ethic', 'food', 'try', 'place']",1
"['continue', 'come', 'lady', 'night', 'andddd', 'date', 'night', 'highly', 'recommend', 'place', 'anyone', 'area']",1
"['several', 'time', 'past', 'experience', 'always', 'great']",1
"['walked', 'away', 'stuffed', 'happy', 'first', 'vega', 'buffet', 'experience']",1
"['service', 'excellent', 'price', 'pretty', 'reasonable', 'considering', 'vega', 'located', 'inside', 'crystal', 'shopping', 'mall', 'aria']",1
"['summarize', 'food', 'incredible', 'nay', 'transcendant', 'nothing', 'brings', 'joy', 'quite', 'like', 'memory', 'pneumatic', 'condiment', 'dispenser']",1
"['im', 'probably', 'one', 'people', 'ever', 'go', 'ians', 'not', 'like']",0
"['kid', 'pizza', 'always', 'hit', 'lot', 'great', 'side', 'dish', 'option', 'kiddos']",1
"['service', 'perfect', 'family', 'atmosphere', 'nice', 'see']",1
"['cooked', 'perfection', 'service', 'impeccable']",1
"['one', 'simply', 'disappointment']",0
"['overall', 'disappointed', 'quality', 'food', 'bouchon']",0
"['dont', 'accountant', 'know', 'im', 'getting', 'screwed']",0
"['great', 'place', 'eat', 'reminds', 'little', 'mom', 'pop', 'shop', 'san', 'francisco', 'bay', 'area']",1
"['today', 'first', 'taste', 'buldogis', 'gourmet', 'hot', 'dog', 'tell', 'ever', 'thought', 'possible']",1
"['left', 'frustrated']",0
"['ill', 'definitely', 'soon']",1
"['food', 'really', 'good', 'got', 'full', 'petty', 'fast']",1
"['service', 'fantastic']",1
"['total', 'waste', 'time']",0
"['dont', 'know', 'kind', 'best', 'iced', 'tea']",1
"['come', 'hungry', 'leave', 'happy', 'stuffed']",1
"['service', 'give', 'star']",0
"['assure', 'wont', 'disappointed']",1
"['take', 'little', 'bad', 'service', 'food', 'suck']",0
"['gave', 'trying', 'eat', 'crust', 'teeth', 'still', 'sore']",0
"['completely', 'grossed']",0
"['really', 'enjoyed', 'eating']",1
"['first', 'time', 'going', 'think', 'quickly', 'become', 'regular']",1
"['server', 'nice', 'even', 'though', 'looked', 'little', 'overwhelmed', 'need', 'stayed', 'professional', 'friendly', 'end']",1
"['dinner', 'companion', 'told', 'meeverything', 'fresh', 'nice', 'texture', 'taste']",1
"['ground', 'right', 'next', 'table', 'large', 'smeared', 'beensteppedinandtrackedeverywhere', 'pile', 'green', 'bird', 'poop']",0
"['furthermore', 'cant', 'even', 'find', 'hour', 'operation', 'website']",0
"['weve', 'tried', 'like', 'place', '10', 'time', 'think', 'done']",0
['mistake'],0
['complaint'],1
"['seriously', 'good', 'pizza', 'im', 'expertconnisseur', 'topic']",1
"['waiter', 'jerk']",0
"['strike', '2', 'want', 'rushed']",0
"['nicest', 'restaurant', 'owner', 'ive', 'ever', 'come', 'across']",1
"['never', 'come']",0
"['loved', 'biscuit']",1
"['service', 'quick', 'friendly']",1
"['ordered', 'appetizer', 'took', '40', 'minute', 'pizza', 'another', '10', 'minute']",0
"['absolutley', 'fantastic']",1
"['huge', 'awkward', '15lb', 'piece', 'cow', '34ths', 'gristle', 'fat']",0
"['definitely', 'come', 'back']",1
"['like', 'steiner', 'dark', 'feel', 'like', 'bar']",1
"['wow', 'spicy', 'delicious']",1
"['youre', 'not', 'familiar', 'check']",1
"['ill', 'take', 'business', 'dinner', 'dollar', 'elsewhere']",0
"['id', 'love', 'go', 'back']",1
"['anyway', 'f', 'restaurant', 'wonderful', 'breakfastlunch']",1
"['nothing', 'special']",0
"['day', 'week', 'different', 'deal', 'delicious']",1
"['not', 'mention', 'combination', 'pear', 'almond', 'bacon', 'big', 'winner']",1
"['not', 'back']",0
"['sauce', 'tasteless']",0
"['food', 'delicious', 'spicy', 'enough', 'sure', 'ask', 'spicier', 'prefer', 'way']",1
"['ribeye', 'steak', 'cooked', 'perfectly', 'great', 'mesquite', 'flavor']",1
"['dont', 'think', 'well', 'going', 'back', 'anytime', 'soon']",0
"['food', 'gooodd']",1
"['far', 'sushi', 'connoisseur', 'definitely', 'tell', 'difference', 'good', 'food', 'bad', 'food', 'certainly', 'bad', 'food']",0
['insulted'],0
"['last', '3', 'time', 'lunch', 'bad']",0
"['chicken', 'wing', 'contained', 'driest', 'chicken', 'meat', 'ever', 'eaten']",0
"['food', 'good', 'enjoyed', 'every', 'mouthful', 'enjoyable', 'relaxed', 'venue', 'couple', 'small', 'family', 'group', 'etc']",1
"['nargile', 'think', 'great']",1
"['best', 'tater', 'tot', 'southwest']",1
"['loved', 'place']",1
"['definitely', 'not', 'worth', '3', 'paid']",0
"['vanilla', 'ice', 'cream', 'creamy', 'smooth', 'profiterole', 'chou', 'pastry', 'fresh', 'enough']",1
"['im', 'az', 'time', 'new', 'spot']",1
"['manager', 'worst']",0
"['inside', 'really', 'quite', 'nice', 'clean']",1
"['food', 'outstanding', 'price', 'reasonable']",1
"['dont', 'think', 'ill', 'running', 'back', 'carlys', 'anytime', 'soon', 'food']",0
"['due', 'fact', 'took', '20', 'minute', 'acknowledged', 'another', '35', 'minute', 'get', 'foodand', 'kept', 'forgetting', 'thing']",0
"['love', 'margarita']",1
"['first', 'vega', 'buffet', 'not', 'disappoint']",1
"['good', 'though']",1
"['one', 'note', 'ventilation', 'could', 'use', 'upgrading']",0
"['great', 'pork', 'sandwich']",1
"['dont', 'waste', 'time']",0
"['total', 'letdown', 'would', 'much', 'rather', 'go', 'camelback', 'flower', 'shop', 'cartel', 'coffee']",0
"['third', 'cheese', 'friend', 'burger', 'cold']",0
"['enjoy', 'pizza', 'brunch']",1
"['steak', 'well', 'trimmed', 'also', 'perfectly', 'cooked']",1
"['group', '70', 'claimed', 'would', '40', 'handled', 'u', 'beautifully']",1
['loved'],1
"['asked', 'bill', 'leave', 'without', 'eating', 'didnt', 'bring', 'either']",0
"['place', 'jewel', 'la', 'vega', 'exactly', 'ive', 'hoping', 'find', 'nearly', 'ten', 'year', 'living']",1
"['seafood', 'limited', 'boiled', 'shrimp', 'crab', 'leg', 'crab', 'leg', 'definitely', 'not', 'taste', 'fresh']",0
"['selection', 'food', 'not', 'best']",0
"['delicious', 'absolutely', 'back']",1
"['isnt', 'small', 'family', 'restaurant', 'fine', 'dining', 'establishment']",1
"['toro', 'tartare', 'cavier', 'extraordinary', 'liked', 'thinly', 'sliced', 'wagyu', 'white', 'truffle']",1
"['dont', 'think', 'back', 'long', 'time']",0
"['attached', 'gas', 'station', 'rarely', 'good', 'sign']",0
['awesome'],1
"['back', 'many', 'time', 'soon']",1
"['menu', 'much', 'good', 'stuff', 'could', 'not', 'decide']",1
"['worse', 'humiliated', 'worker', 'right', 'front', 'mebunch', 'horrible', 'name', 'calling']",0
"['conclusion', 'filling', 'meal']",1
"['daily', 'special', 'always', 'hit', 'group']",1
"['tragedy', 'struck']",0
"['pancake', 'also', 'really', 'good', 'pretty', 'large']",1
"['first', 'crawfish', 'experience', 'delicious']",1
"['monster', 'chicken', 'fried', 'steak', 'egg', 'time', 'favorite']",1
"['waitress', 'sweet', 'funny']",1
"['also', 'taste', 'mom', 'multigrain', 'pumpkin', 'pancake', 'pecan', 'butter', 'amazing', 'fluffy', 'delicious']",1
"['id', 'rather', 'eat', 'airline', 'food', 'seriously']",0
"['cant', 'say', 'enough', 'good', 'thing', 'place']",1
"['ambiance', 'incredible']",1
"['waitress', 'manager', 'friendly']",1
"['would', 'not', 'recommend', 'place']",0
"['overall', 'wasnt', 'impressed', 'noca']",0
"['gyro', 'basically', 'lettuce']",0
"['terrible', 'service']",0
"['thoroughly', 'disappointed']",0
"['dont', 'much', 'pasta', 'love', 'homemade', 'hand', 'made', 'pasta', 'thin', 'pizza']",1
"['give', 'try', 'happy']",1
"['far', 'best', 'cheesecurds', 'ever']",1
"['reasonably', 'priced', 'also']",1
"['everything', 'perfect', 'night']",1
"['food', 'good', 'typical', 'bar', 'food']",1
"['drive', 'get']",0
"['first', 'glance', 'lovely', 'bakery', 'cafe', 'nice', 'ambiance', 'clean', 'friendly', 'staff']",1
"['anyway', 'not', 'think', 'go', 'back']",0
"['point', 'finger', 'item', 'menu', 'order', 'wont', 'disappointed']",1
"['oh', 'thing', 'beauty', 'restaurant']",1
"['havent', 'gone', 'go']",1
"['greasy', 'unhealthy', 'meal']",0
"['first', 'time', 'might', 'last']",0
"['burger', 'amazing']",1
"['similarly', 'delivery', 'man', 'not', 'say', 'word', 'apology', 'food', '45', 'minute', 'late']",0
"['way', 'expensive']",0
"['sure', 'order', 'dessert', 'even', 'need', 'pack', 'togo', 'tiramisu', 'cannoli', 'die']",1
"['first', 'time', 'cant', 'wait', 'next']",1
"['bartender', 'also', 'nice']",1
"['everything', 'good', 'tasty']",1
"['place', 'two', 'thumb', 'upway']",1
"['best', 'place', 'vega', 'breakfast', 'check', 'sat', 'sun']",1
"['love', 'authentic', 'mexican', 'food', 'want', 'whole', 'bunch', 'interesting', 'yet', 'delicious', 'meat', 'choose', 'need', 'try', 'place']",1
"['terrible', 'management']",0
"['excellent', 'new', 'restaurant', 'experienced', 'frenchman']",1
"['zero', 'star', 'would', 'give', 'zero', 'star']",0
"['great', 'steak', 'great', 'side', 'great', 'wine', 'amazing', 'dessert']",1
"['worst', 'martini', 'ever']",0
"['steak', 'shrimp', 'opinion', 'best', 'entree', 'gc']",1
"['opportunity', 'today', 'sample', 'amazing', 'pizza']",1
"['waited', 'thirty', 'minute', 'seated', 'although', '8', 'vacant', 'table', 'folk', 'waiting']",0
"['yellowtail', 'carpaccio', 'melt', 'mouth', 'fresh']",1
"['wont', 'try', 'going', 'back', 'even', 'empty']",0
"['im', 'going', 'eat', 'potato', 'found', 'stranger', 'hair']",0
"['spicy', 'enough', 'perfect', 'actually']",1
"['last', 'night', 'second', 'time', 'dining', 'happy', 'decided', 'go', 'back']",1
"['not', 'even', 'hello', 'right']",0
"['dessert', 'bit', 'strange']",0
"['boyfriend', 'came', 'first', 'time', 'recent', 'trip', 'vega', 'could', 'not', 'pleased', 'quality', 'food', 'service']",1
"['really', 'recommend', 'place', 'go', 'wrong', 'donut', 'place']",1
"['nice', 'ambiance']",1
"['would', 'recommend', 'saving', 'room']",1
"['guess', 'maybe', 'went', 'night', 'disgraceful']",0
"['however', 'recent', 'experience', 'particular', 'location', 'not', 'good']",0
"['know', 'not', 'like', 'restaurant', 'something']",0
"['avoid', 'establishment']",0
"['think', 'restaurant', 'suffers', 'not', 'trying', 'hard', 'enough']",0
"['tapa', 'dish', 'delicious']",1
"['heart', 'place']",1
"['salad', 'bland', 'vinegrette', 'baby', 'green', 'heart', 'palm']",0
"['two', 'felt', 'disgusting']",0
"['good', 'time']",1
"['believe', 'place', 'great', 'stop', 'huge', 'belly', 'hankering', 'sushi']",1
"['generous', 'portion', 'great', 'taste']",1
"['never', 'go', 'back', 'place', 'never', 'ever', 'recommended', 'place', 'anyone']",0
"['server', 'went', 'back', 'forth', 'several', 'time', 'not', 'even', 'much', 'helped']",0
"['food', 'delicious']",1
"['hour', 'seriously']",0
"['consider', 'theft']",0
"['eew', 'location', 'need', 'complete', 'overhaul']",0
"['recently', 'witnessed', 'poor', 'quality', 'management', 'towards', 'guest', 'well']",0
"['waited', 'waited', 'waited']",0
"['also', 'came', 'back', 'check', 'u', 'regularly', 'excellent', 'service']",1
"['server', 'super', 'nice', 'checked', 'u', 'many', 'time']",1
"['pizza', 'tasted', 'old', 'super', 'chewy', 'not', 'good', 'way']",0
"['swung', 'give', 'try', 'deeply', 'disappointed']",0
"['service', 'good', 'company', 'better']",1
"['staff', 'also', 'friendly', 'efficient']",1
"['service', 'im', 'fan', 'quick', 'youre', 'served', 'nice', 'folk']",1
"['boy', 'sucker', 'dry']",0
['rated'],0
"['look', 'authentic', 'thai', 'food', 'go', 'else']",0
"['steak', '100', 'recommended']",1
"['pulled', 'car', 'waited', 'another', '15', 'minute', 'acknowledged']",0
"['great', 'food', 'great', 'service', 'clean', 'friendly', 'setting']",1
"['assure', 'ill', 'back']",1
"['hate', 'thing', 'much', 'cheap', 'quality', 'black', 'olive']",0
"['breakfast', 'perpared', 'great', 'beautiful', 'presentation', '3', 'giant', 'slice', 'toast', 'lightly', 'dusted', 'powdered', 'sugar']",1
"['kid', 'play', 'area', 'nasty']",0
"['great', 'place', 'fo', 'take', 'eat']",1
"['waitress', 'friendly', 'happy', 'accomodate', 'veganveggie', 'option']",1
"['omg', 'felt', 'like', 'never', 'eaten', 'thai', 'food', 'dish']",1
"['extremely', 'crumby', 'pretty', 'tasteless']",0
"['pale', 'color', 'instead', 'nice', 'char', 'flavor']",0
"['crouton', 'also', 'taste', 'homemade', 'extra', 'plus']",1
"['got', 'home', 'see', 'driest', 'damn', 'wing', 'ever']",0
"['itll', 'regular', 'stop', 'trip', 'phoenix']",1
"['really', 'enjoyed', 'crema', 'café', 'expanded', 'even', 'told', 'friend', 'best', 'breakfast']",1
"['not', 'good', 'money']",0
"['miss', 'wish', 'one', 'philadelphia']",1
"['got', 'sitting', 'fairly', 'fast', 'ended', 'waiting', '40', 'minute', 'place', 'order', 'another', '30', 'minute', 'food', 'arrived']",0
"['also', 'best', 'cheese', 'crisp', 'town']",1
"['good', 'value', 'great', 'food', 'great', 'service']",1
"['couldnt', 'ask', 'satisfying', 'meal']",1
"['food', 'good']",1
['awesome'],1
"['wanted', 'leave']",0
"['made', 'drive', 'way', 'north', 'scottsdale', 'not', 'one', 'bit', 'disappointed']",1
"['not', 'eating']",0
"['owner', 'really', 'really', 'need', 'quit', 'soooooo', 'cheap', 'let', 'wrap', 'freaking', 'sandwich', 'two', 'paper', 'not', 'one']",0
"['checked', 'place', 'couple', 'year', 'ago', 'not', 'impressed']",0
"['chicken', 'got', 'definitely', 'reheated', 'ok', 'wedge', 'cold', 'soggy']",0
"['sorry', 'not', 'getting', 'food', 'anytime', 'soon']",0
"['absolute', 'must', 'visit']",1
"['cow', 'tongue', 'cheek', 'taco', 'amazing']",1
"['friend', 'not', 'like', 'bloody', 'mary']",0
"['despite', 'hard', 'rate', 'business', 'actually', 'rare', 'give', '1', 'star']",0
"['really', 'want', 'make', 'experience', 'good', 'one']",1
"['not', 'return']",0
"['chicken', 'pho', 'tasted', 'bland']",0
['disappointing'],0
"['grilled', 'chicken', 'tender', 'yellow', 'saffron', 'seasoning']",1
"['drive', 'thru', 'mean', 'not', 'want', 'wait', 'around', 'half', 'hour', 'food', 'somehow', 'end', 'going', 'make', 'u', 'wait', 'wait']",0
"['pretty', 'awesome', 'place']",1
"['ambience', 'perfect']",1
"['best', 'luck', 'rude', 'noncustomer', 'service', 'focused', 'new', 'management']",0
"['grandmother', 'make', 'roasted', 'chicken', 'better', 'one']",0
"['asked', 'multiple', 'time', 'wine', 'list', 'time', 'ignored', 'went', 'hostess', 'got', 'one']",0
"['staff', 'always', 'super', 'friendly', 'helpful', 'especially', 'cool', 'bring', 'two', 'small', 'boy', 'baby']",1
"['four', 'star', 'food', 'guy', 'blue', 'shirt', 'great', 'vibe', 'still', 'letting', 'u', 'eat']",1
"['roast', 'beef', 'sandwich', 'tasted', 'really', 'good']",1
"['evening', 'drastically', 'sick']",0
"['highquality', 'chicken', 'chicken', 'caesar', 'salad']",1
"['ordered', 'burger', 'rare', 'came', 'well', 'done']",0
"['promptly', 'greeted', 'seated']",1
"['tried', 'go', 'lunch', 'madhouse']",0
"['proven', 'dead', 'wrong', 'sushi', 'bar', 'not', 'quality', 'great', 'service', 'fast', 'food', 'impeccable']",1
"['waiting', 'hour', 'seated', 'not', 'greatest', 'mood']",0
"['good', 'joint']",1
"['macarons', 'insanely', 'good']",1
"['im', 'not', 'eating']",0
"['waiter', 'attentive', 'friendly', 'informative']",1
"['maybe', 'werent', 'cold', 'would', 'somewhat', 'edible']",0
"['place', 'lot', 'promise', 'fails', 'deliver']",0
"['bad', 'experience']",0
['mistake'],0
"['food', 'average', 'best']",0
"['great', 'food']",1
"['wont', 'going', 'back', 'anytime', 'soon']",0
"['disappointed', 'ordered', '35', 'big', 'bay', 'plater']",0
"['great', 'place', 'relax', 'awesome', 'burger', 'beer']",1
"['perfect', 'sitdown', 'family', 'meal', 'get', 'together', 'friend']",1
"['not', 'much', 'flavor', 'poorly', 'constructed']",0
"['patio', 'seating', 'comfortable']",1
"['fried', 'rice', 'dry', 'well']",0
"['hand', 'favorite', 'italian', 'restaurant']",1
"['scream', 'legit', 'booksomethats', 'also', 'pretty', 'rare', 'vega']",1
"['not', 'fun', 'experience']",1
"['atmosphere', 'great', 'lovely', 'duo', 'violinist', 'playing', 'song', 'requested']",1
"['personally', 'love', 'hummus', 'pita', 'baklava', 'falafel', 'baba', 'ganoush', 'amazing', 'eggplant']",1
"['convenient', 'since', 'staying', 'mgm']",1
"['owner', 'super', 'friendly', 'staff', 'courteous']",1
['great'],1
"['eclectic', 'selection']",1
"['sweet', 'potato', 'tot', 'good', 'onion', 'ring', 'perfection', 'close']",1
"['staff', 'attentive']",1
"['chef', 'generous', 'time', 'even', 'came', 'around', 'twice', 'take', 'picture']",1
"['owner', 'used', 'work', 'nobu', 'place', 'really', 'similar', 'half', 'price']",1
"['google', 'mediocre', 'imagine', 'smashburger', 'pop']",0
"['dont', 'go']",0
"['promise', 'wont', 'disappoint']",1
"['sushi', 'lover', 'avoid', 'place', 'mean']",0
"['great', 'double', 'cheeseburger']",1
"['awesome', 'service', 'food']",1
"['fantastic', 'neighborhood', 'gem']",1
"['cant', 'wait', 'go', 'back']",1
"['plantain', 'worst', 'ive', 'ever', 'tasted']",0
"['great', 'place', 'highly', 'recommend']",1
"['service', 'slow', 'not', 'attentive']",0
"['gave', '5', 'star', 'im', 'giving', '5', 'star']",1
"['staff', 'spends', 'time', 'talking']",0
"['dessert', 'panna', 'cotta', 'amazing']",1
"['good', 'food', 'great', 'atmosphere1']",1
"['damn', 'good', 'steak']",1
"['total', 'brunch', 'fail']",0
"['price', 'reasonable', 'flavor', 'spot', 'sauce', 'home', 'made', 'slaw', 'not', 'drenched', 'mayo']",1
"['decor', 'nice', 'piano', 'music', 'soundtrack', 'pleasant']",1
"['steak', 'amazingrge', 'fillet', 'relleno', 'best', 'seafood', 'plate', 'ever']",1
"['good', 'food', 'good', 'service']",1
"['absolutely', 'amazing']",1
"['probably', 'wont', 'back', 'honest']",0
"['definitely', 'back']",1
"['sergeant', 'pepper', 'beef', 'sandwich', 'auju', 'sauce', 'excellent', 'sandwich', 'well']",1
"['hawaiian', 'breeze', 'mango', 'magic', 'pineapple', 'delight', 'smoothy', 'ive', 'tried', 'far', 'theyre', 'good']",1
"['went', 'lunch', 'service', 'slow']",0
"['much', 'say', 'place', 'walked', 'expected', 'amazing', 'quickly', 'disappointed']",0
['mortified'],0
"['needle', 'say', 'never', 'back']",0
"['anyways', 'food', 'definitely', 'not', 'filling', 'price', 'pay', 'expect']",0
"['chip', 'came', 'dripping', 'grease', 'mostly', 'not', 'edible']",0
"['wasnt', 'really', 'impressed', 'strip', 'steak']",0
"['going', 'since', '2007', 'every', 'meal', 'awesome']",1
"['server', 'nice', 'attentive', 'serving', 'staff']",1
"['cashier', 'friendly', 'even', 'brought', 'food']",1
"['work', 'hospitality', 'industry', 'paradise', 'valley', 'refrained', 'recommending', 'cibo', 'longer']",0
"['atmosphere', 'fun']",1
"['would', 'not', 'recommend', 'others']",0
"['service', 'quick', 'even', 'go', 'order', 'like', 'like']",1
"['mean', 'really', 'get', 'famous', 'fish', 'chip', 'terrible']",0
"['said', 'mouth', 'belly', 'still', 'quite', 'pleased']",1
"['not', 'thing']",0
"['2', 'thumb']",1
"['reading', 'please', 'dont', 'go']",0
"['loved', 'grilled', 'pizza', 'reminded', 'legit', 'italian', 'pizza']",1
"['pro', 'large', 'seating', 'area', 'nice', 'bar', 'area', 'great', 'simple', 'drink', 'menu', 'best', 'brick', 'oven', 'pizza', 'homemade', 'dough']",1
"['really', 'nice', 'atmosphere']",1
"['tonight', 'elk', 'filet', 'specialand', 'sucked']",0
"['one', 'bite', 'hooked']",1
"['ordered', 'old', 'classic', 'new', 'dish', 'going', 'time', 'sorely', 'disappointed', 'everything']",0
"['cute', 'quaint', 'simple', 'honest']",1
"['chicken', 'deliciously', 'seasoned', 'perfect', 'fry', 'outside', 'moist', 'chicken', 'inside']",1
"['food', 'great', 'always', 'compliment', 'chef']",1
"['special', 'thanks', 'dylan', 'recommendation', 'order', 'yummy', 'tummy']",1
"['awesome', 'selection', 'beer']",1
"['great', 'food', 'awesome', 'service']",1
"['one', 'nice', 'thing', 'added', 'gratuity', 'bill', 'since', 'party', 'larger', '6', '8', 'didnt', 'expect', 'tip']",1
"['fly', 'apple', 'juice', 'fly']",0
"['han', 'nan', 'chicken', 'also', 'tasty']",1
"['service', 'thought', 'good']",1
"['food', 'barely', 'lukewarm', 'must', 'sitting', 'waiting', 'server', 'bring', 'u']",0
"['ryans', 'bar', 'definitely', 'one', 'edinburgh', 'establishment', 'wont', 'revisiting']",0
"['nicest', 'chinese', 'restaurant', 'ive']",1
"['overall', 'like', 'food', 'service']",1
"['also', 'serve', 'indian', 'naan', 'bread', 'hummus', 'spicy', 'pine', 'nut', 'sauce', 'world']",1
"['probably', 'never', 'coming', 'back', 'wouldnt', 'recommend']",0
"['friend', 'pasta', 'also', 'bad', 'barely', 'touched']",0
"['try', 'airport', 'experience', 'tasty', 'food', 'speedy', 'friendly', 'service']",1
"['love', 'decor', 'chinese', 'calligraphy', 'wall', 'paper']",1
"['never', 'anything', 'complain']",1
"['restaurant', 'clean', 'family', 'restaurant', 'feel']",1
"['way', 'fried']",0
"['im', 'not', 'sure', 'long', 'stood', 'long', 'enough', 'begin', 'feel', 'awkwardly', 'place']",0
"['opened', 'sandwich', 'impressed', 'not', 'good', 'way']",0
"['not', 'back']",0
"['warm', 'feeling', 'service', 'felt', 'like', 'guest', 'special', 'treat']",1
"['extensive', 'menu', 'provides', 'lot', 'option', 'breakfast']",1
"['always', 'order', 'vegetarian', 'menu', 'dinner', 'wide', 'array', 'option', 'choose']",1
"['watched', 'price', 'inflate', 'portion', 'get', 'smaller', 'management', 'attitude', 'grow', 'rapidly']",0
"['wonderful', 'lil', 'tapa', 'ambience', 'made', 'feel', 'warm', 'fuzzy', 'inside']",1
"['got', 'enjoy', 'seafood', 'salad', 'fabulous', 'vinegrette']",1
"['wonton', 'thin', 'not', 'thick', 'chewy', 'almost', 'melt', 'mouth']",1
"['level', '5', 'spicy', 'perfect', 'spice', 'didnt', 'overwhelm', 'soup']",1
"['sat', 'right', 'time', 'server', 'get', 'go', 'fantastic']",1
"['main', 'thing', 'didnt', 'enjoy', 'crowd', 'older', 'crowd', 'around', 'mid', '30']",0
"['im', 'side', 'town', 'definitely', 'spot', 'ill', 'hit']",1
"['wait', '30', 'minute', 'get', 'drink', 'longer', 'get', '2', 'arepas']",0
"['great', 'place', 'eat']",1
"['jalapeno', 'bacon', 'soooo', 'good']",1
"['service', 'poor', 'thats', 'nice']",0
"['food', 'good', 'service', 'good', 'price', 'good']",1
"['place', 'not', 'clean', 'food', 'oh', 'stale']",0
"['chicken', 'dish', 'ok', 'beef', 'like', 'shoe', 'leather']",0
"['service', 'beyond', 'bad']",0
"['im', 'happy']",1
"['tasted', 'like', 'dirt']",0
"['one', 'place', 'phoenix', 'would', 'definately', 'go', 'back']",1
"['block', 'amazing']",1
"['close', 'house', 'lowkey', 'nonfancy', 'affordable', 'price', 'good', 'food']",1
"['hot', 'sour', 'egg', 'flower', 'soup', 'absolutely', '5', 'star']",1
"['sashimi', 'poor', 'quality', 'soggy', 'tasteless']",0
"['great', 'time', 'family', 'dinner', 'sunday', 'night']",1
"['food', 'not', 'tasty', 'not', 'say', 'real', 'traditional', 'hunan', 'style']",0
"['bother', 'slow', 'service']",0
"['flair', 'bartender', 'absolutely', 'amazing']",1
"['frozen', 'margarita', 'way', 'sugary', 'taste']",0
"['good', 'ordered', 'twice']",1
"['nutshell', '1', 'restaraunt', 'smell', 'like', 'combination', 'dirty', 'fish', 'market', 'sewer']",0
"['girlfriend', 'veal', 'bad']",0
"['unfortunately', 'not', 'good']",0
"['pretty', 'satifying', 'experience']",1
"['join', 'club', 'get', 'awesome', 'offer', 'via', 'email']",1
"['perfect', 'someone', 'like', 'beer', 'ice', 'cold', 'case', 'even', 'colder']",1
"['bland', 'flavorless', 'good', 'way', 'describing', 'barely', 'tepid', 'meat']",0
"['chain', 'im', 'fan', 'beat', 'place', 'easily']",0
"['nacho', 'must']",1
"['not', 'coming', 'back']",0
"['dont', 'many', 'word', 'say', 'place', 'everything', 'pretty', 'well']",1
"['staff', 'super', 'nice', 'quick', 'even', 'crazy', 'crowd', 'downtown', 'jury', 'lawyer', 'court', 'staff']",1
"['great', 'atmosphere', 'friendly', 'fast', 'service']",1
"['received', 'pita', 'huge', 'lot', 'meat', 'thumb']",1
"['food', 'arrives', 'meh']",0
"['paying', '785', 'hot', 'dog', 'fry', 'look', 'like', 'came', 'kid', 'meal', 'wienerschnitzel', 'not', 'idea', 'good', 'meal']",0
"['classic', 'maine', 'lobster', 'roll', 'fantastic']",1
"['brother', 'law', 'work', 'mall', 'ate', 'day', 'guess', 'sick', 'night']",0
"['good', 'going', 'review', 'place', 'twice', 'hereas', 'tribute', 'place', 'tribute', 'event', 'held', 'last', 'night']",1
"['chip', 'salsa', 'really', 'good', 'salsa', 'fresh']",1
"['place', 'great']",1
"['mediocre', 'food']",0
"['get', 'inside', 'youll', 'impressed', 'place']",1
"['im', 'super', 'pissd']",0
"['service', 'super', 'friendly']",1
"['sad', 'little', 'vegetable', 'overcooked']",0
"['place', 'nice', 'surprise']",1
"['goldencrispy', 'delicious']",1
"['high', 'hope', 'place', 'since', 'burger', 'cooked', 'charcoal', 'grill', 'unfortunately', 'taste', 'fell', 'flat', 'way', 'flat']",0
"['could', 'eat', 'bruschetta', 'day', 'devine']",1
"['not', 'single', 'employee', 'came', 'see', 'ok', 'even', 'needed', 'water', 'refill', 'finally', 'served', 'u', 'food']",0
"['lastly', 'mozzarella', 'stick', 'best', 'thing', 'ordered']",1
"['first', 'time', 'ever', 'came', 'amazing', 'experience', 'still', 'tell', 'people', 'awesome', 'duck']",1
"['server', 'negligent', 'need', 'made', 'u', 'feel', 'unwelcome', 'would', 'not', 'suggest', 'place']",0
"['service', 'terrible', 'though']",0
"['place', 'overpriced', 'not', 'consistent', 'boba', 'really', 'overpriced']",0
['packed'],0
"['love', 'place']",1
"['say', 'dessert', 'yummy']",1
"['food', 'terrible']",0
"['seasonal', 'fruit', 'fresh', 'white', 'peach', 'puree']",1
"['kept', 'getting', 'worse', 'worse', 'im', 'officially', 'done']",0
"['place', 'honestly', 'blown']",0
"['definitely', 'would', 'not', 'eat']",0
"['not', 'waste', 'money']",0
"['love', 'put', 'food', 'nice', 'plastic', 'container', 'opposed', 'cramming', 'little', 'paper', 'takeout', 'box']",1
"['crêpe', 'delicate', 'thin', 'moist']",1
"['awful', 'service']",0
"['wont', 'ever', 'go']",0
"['food', 'quality', 'horrible']",0
"['price', 'think', 'place', 'would', 'much', 'rather', 'gone']",0
"['service', 'fair', 'best']",0
"['love', 'sushi', 'found', 'kabuki', 'overpriced', 'overhip', 'underservices']",0
"['favor', 'stay', 'away', 'dish']",0
"['poor', 'service']",0
"['one', 'table', 'thought', 'food', 'average', 'worth', 'wait']",0
"['best', 'service', 'food', 'ever', 'maria', 'server', 'good', 'friendly', 'made', 'day']",1
['excellent'],1
"['paid', 'bill', 'not', 'tip', 'felt', 'server', 'terrible', 'job']",0
"['lunch', 'great', 'experience']",1
"['never', 'bland', 'food', 'surprised', 'considering', 'article', 'read', 'focused', 'much', 'spice', 'flavor']",0
"['food', 'way', 'overpriced', 'portion', 'fucking', 'small']",0
"['recently', 'tried', 'caballeros', 'back', 'every', 'week', 'since']",1
"['40', 'buck', 'head', 'really', 'expect', 'better', 'food']",0
"['food', 'came', 'good', 'pace']",1
"['ate', 'twice', 'last', 'visit', 'especially', 'enjoyed', 'salmon', 'salad']",1
"['wont', 'back']",0
"['could', 'not', 'believe', 'dirty', 'oyster']",0
"['place', 'deserves', 'star']",0
"['would', 'not', 'recommend', 'place']",0
"['fact', 'im', 'going', 'round', '4', 'star', 'awesome']",1
"['disbelief', 'dish', 'qualified', 'worst', 'version', 'food', 'ever', 'tasted']",0
"['bad', 'day', 'not', 'low', 'tolerance', 'rude', 'customer', 'service', 'people', 'job', 'nice', 'polite', 'wash', 'dish', 'otherwise']",0
"['potato', 'great', 'biscuit']",1
"['probably', 'would', 'not', 'go']",0
"['flavorful', 'perfect', 'amount', 'heat']",1
"['price', 'reasonable', 'service', 'great']",1
"['wife', 'hated', 'meal', 'coconut', 'shrimp', 'friend', 'really', 'not', 'enjoy', 'meal', 'either']",0
"['fella', 'got', 'huevos', 'rancheros', 'didnt', 'look', 'appealing']",0
"['went', 'happy', 'hour', 'great', 'list', 'wine']",1
"['may', 'say', 'buffet', 'pricey', 'think', 'get', 'pay', 'place', 'getting', 'quite', 'lot']",1
"['probably', 'wont', 'coming', 'back']",0
"['worst', 'foodservice', 'ive']",0
"['place', 'pretty', 'good', 'nice', 'little', 'vibe', 'restaurant']",1
"['talk', 'great', 'customer', 'service', 'course', 'back']",1
"['hot', 'dish', 'not', 'hot', 'cold', 'dish', 'close', 'room', 'tempo', 'watched', 'staff', 'prepare', 'food', 'bare', 'hand', 'gloveseverything', 'deep', 'fried', 'oil']",0
"['love', 'fry', 'bean']",1
"['always', 'pleasure', 'dealing']",1
"['plethora', 'salad', 'sandwich', 'everything', 'ive', 'tried', 'get', 'seal', 'approval']",1
"['place', 'awesome', 'want', 'something', 'light', 'healthy', 'summer']",1
"['sushi', 'strip', 'place', 'go']",1
"['service', 'great', 'even', 'manager', 'came', 'helped', 'table']",1
"['feel', 'dining', 'room', 'college', 'cooking', 'course', 'high', 'class', 'dining', 'service', 'slow', 'best']",0
"['started', 'review', 'two', 'star', 'im', 'editing', 'give', 'one']",0
"['worst', 'sushi', 'ever', 'eat', 'besides', 'costcos']",0
"['excellent', 'restaurant', 'highlighted', 'great', 'service', 'unique', 'menu', 'beautiful', 'setting']",1
"['boyfriend', 'sat', 'bar', 'completely', 'delightful', 'experience']",1
"['weird', 'vibe', 'owner']",0
"['hardly', 'meat']",0
"['ive', 'better', 'bagel', 'grocery', 'store']",0
"['go', 'place', 'gyro']",1
"['love', 'ownerchef', 'one', 'authentic', 'japanese', 'cool', 'dude']",1
"['burger', 'arent', 'good', 'pizza', 'used', 'amazing', 'doughy', 'flavorless']",0
"['found', 'six', 'inch', 'long', 'piece', 'wire', 'salsa']",0
"['service', 'terrible', 'food', 'mediocre']",0
"['definately', 'enjoyed']",1
"['ordered', 'albondigas', 'soup', 'warm', 'tasted', 'like', 'tomato', 'soup', 'frozen', 'meatball']",0
"['three', 'different', 'occasion', 'asked', 'well', 'done', 'medium', 'well', 'three', 'time', 'got', 'bloodiest', 'piece', 'meat', 'plate']",0
"['two', 'bite', 'refused', 'eat', 'anymore']",0
"['service', 'extremely', 'slow']",0
"['20', 'minute', 'wait', 'got', 'table']",0
"['seriously', 'killer', 'hot', 'chai', 'latte']",1
"['allergy', 'warning', 'menu', 'waitress', 'absolutely', 'clue', 'meal', 'not', 'contain', 'peanut']",0
"['boyfriend', 'tried', 'mediterranean', 'chicken', 'salad', 'fell', 'love']",1
"['rotating', 'beer', 'tap', 'also', 'highlight', 'place']",1
"['pricing', 'bit', 'concern', 'mellow', 'mushroom']",0
"['worst', 'thai', 'ever']",0
"['stay', 'vega', 'must', 'get', 'breakfast', 'least']",1
"['want', 'first', 'say', 'server', 'great', 'perfect', 'service']",1
"['pizza', 'selection', 'good']",1
"['strawberry', 'tea', 'good']",1
"['highly', 'unprofessional', 'rude', 'loyal', 'patron']",0
"['overall', 'great', 'experience']",1
"['spend', 'money', 'elsewhere']",0
"['regular', 'toasted', 'bread', 'equally', 'satisfying', 'occasional', 'pat', 'butter', 'mmmm']",1
"['buffet', 'bellagio', 'far', 'anticipated']",0
"['drink', 'weak', 'people']",0
['name'],0
"['also', 'feel', 'like', 'chip', 'bought', 'not', 'made', 'house']",0
"['disappointing', 'dinner', 'went', 'elsewhere', 'dessert']",0
"['chip', 'sals', 'amazing']",1
"['wont', 'returning']",0
"['new', 'fav', 'vega', 'buffet', 'spot']",1
"['seriously', 'cannot', 'believe', 'owner', 'many', 'unexperienced', 'employee', 'running', 'around', 'like', 'chicken', 'head', 'cut']",0
['sad'],0
"['felt', 'insulted', 'disrespected', 'could', 'talk', 'judge', 'another', 'human', 'like']",0
"['call', 'steakhouse', 'cant', 'properly', 'cook', 'steak', 'dont', 'understand']",0
"['im', 'not', 'impressed', 'concept', 'food']",0
"['thing', 'wasnt', 'crazy', 'guacamole', 'dont', 'like', 'puréed']",0
"['really', 'nothing', 'postinos', 'hope', 'experience', 'better']",0
"['got', 'food', 'poisoning', 'buffet']",0
"['brought', 'fresh', 'batch', 'fry', 'thinking', 'yay', 'something', 'warm']",0
"['hilarious', 'yummy', 'christmas', 'eve', 'dinner', 'remember', 'biggest', 'fail', 'entire', 'trip', 'u']",0
"['needle', 'say', 'wont', 'going', 'back', 'anytime', 'soon']",0
"['place', 'disgusting']",0
"['every', 'time', 'eat', 'see', 'caring', 'teamwork', 'professional', 'degree']",1
"['ri', 'style', 'calamari', 'joke']",0
"['however', 'much', 'garlic', 'fondue', 'barely', 'edible']",0
"['could', 'barely', 'stomach', 'meal', 'didnt', 'complain', 'business', 'lunch']",0
"['bad', 'lost', 'heart', 'finish']",0
"['also', 'took', 'forever', 'bring', 'u', 'check', 'asked']",0
"['arent', 'one', 'make', 'scene', 'restaurant', 'dont', 'get', 'itdefinitely', 'lost', 'love', 'one']",0
"['disappointing', 'experience']",0
"['food', 'par', 'dennys', 'say', 'not', 'good']",0
"['want', 'wait', 'mediocre', 'food', 'downright', 'terrible', 'service', 'place']",0
"['waaaaaayyyyyyyyyy', 'rated', 'saying']",0
"['wont', 'going', 'back']",0
"['place', 'fairly', 'clean', 'food', 'simply', 'wasnt', 'worth']",0
"['place', 'lacked', 'style']",0
"['sangria', 'half', 'glass', 'wine', 'full', '12', 'ridiculous']",0
"['dont', 'bother', 'coming']",0
"['meat', 'pretty', 'dry', 'sliced', 'brisket', 'pulled', 'pork']",0
"['building', 'seems', 'pretty', 'neat', 'bathroom', 'pretty', 'trippy', 'wouldnt', 'eat']",0
"['equally', 'awful']",0
"['probably', 'not', 'hurry', 'go', 'back']",0
"['slow', 'seating', 'even', 'reservation']",0
"['not', 'good', 'stretch', 'imagination']",0
"['cashew', 'cream', 'sauce', 'bland', 'vegetable', 'undercooked']",0
"['chipolte', 'ranch', 'dipping', 'sause', 'tasteless', 'seemed', 'thin', 'watered', 'heat']",0
"['bit', 'sweet', 'not', 'really', 'spicy', 'enough', 'lacked', 'flavor']",0
['disappointed'],0
"['place', 'horrible', 'way', 'overpriced']",0
"['maybe', 'vegetarian', 'fare', 'ive', 'twice', 'thought', 'average', 'best']",0
"['wasnt', 'busy', 'know']",0
"['table', 'outside', 'also', 'dirty', 'lot', 'time', 'worker', 'not', 'always', 'friendly', 'helpful', 'menu']",0
"['ambiance', 'not', 'feel', 'like', 'buffet', 'setting', 'douchey', 'indoor', 'garden', 'tea', 'biscuit']",0
"['con', 'spotty', 'service']",0
"['fry', 'not', 'hot', 'neither', 'burger']",0
"['came', 'back', 'cold']",0
"['food', 'came', 'disappointment', 'ensued']",0
"['real', 'disappointment', 'waiter']",0
"['husband', 'said', 'rude', 'not', 'even', 'apologize', 'bad', 'food', 'anything']",0
"['reason', 'eat', 'would', 'fill', 'night', 'binge', 'drinking', 'get', 'carbs', 'stomach']",0
"['insult', 'profound', 'deuchebaggery', 'go', 'outside', 'smoke', 'break', 'serving', 'solidify']",0
"['someone', 'order', 'two', 'taco', 'dont', 'think', 'may', 'part', 'customer', 'service', 'ask', 'combo', 'ala', 'cart']",0
"['quite', 'disappointed', 'although', 'blame', 'need', 'placed', 'door']",0
"['rave', 'review', 'couldnt', 'wait', 'eat', 'herewhat', 'disappointment']",0
"['del', 'taco', 'pretty', 'nasty', 'avoided', 'possible']",0
"['not', 'hard', 'make', 'decent', 'hamburger']",0
"['dont', 'like']",0
"['hell', 'go', 'back']",0
"['weve', 'gotten', 'much', 'better', 'service', 'pizza', 'place', 'next', 'door', 'service', 'received', 'restaurant']",0
"['dont', 'know', 'big', 'deal', 'place', 'wont', 'back', 'yaall']",0
"['immediately', 'said', 'wanted', 'talk', 'manager', 'not', 'want', 'talk', 'guy', 'shot', 'fireball', 'behind', 'bar']",0
"['ambiance', 'isnt', 'much', 'better']",0
"['unfortunately', 'set', 'u', 'disapppointment', 'entree']",0
"['food', 'wasnt', 'good']",0
"['server', 'suck', 'wait', 'correction', 'server', 'heimer', 'sucked']",0
"['happened', 'next', 'prettyoff', 'putting']",0
"['bad', 'cause', 'know', 'family', 'owned', 'really', 'wanted', 'like', 'place']",0
"['overpriced', 'getting']",0
"['vomited', 'bathroom', 'mid', 'lunch']",0
"['kept', 'looking', 'time', 'soon', 'become', '35', 'minute', 'yet', 'still', 'food']",0
"['place', 'eat', 'circumstance', 'would', 'ever', 'return', 'top', 'list']",0
"['started', 'tuna', 'sashimi', 'brownish', 'color', 'obviously', 'wasnt', 'fresh']",0
"['food', 'average']",0
"['sure', 'beat', 'nacho', 'movie', 'would', 'expect', 'little', 'bit', 'coming', 'restaurant']",0
"['ha', 'long', 'bay', 'bit', 'flop']",0
"['problem', 'charge', '1199', 'sandwich', 'bigger', 'subway', 'sub', 'offer', 'better', 'amount', 'vegetable']",0
"['shrimp', 'unwrapped', 'live', '12', 'mile', 'brushfire', 'literally', 'ice', 'cold']",0
"['lacked', 'flavor', 'seemed', 'undercooked', 'dry']",0
"['really', 'impressive', 'place', 'hasnt', 'closed']",0
"['would', 'avoid', 'place', 'staying', 'mirage']",0
"['refried', 'bean', 'came', 'meal', 'dried', 'crusty', 'food', 'bland']",0
"['spend', 'money', 'time', 'place', 'else']",0
"['lady', 'table', 'next', 'u', 'found', 'live', 'green', 'caterpillar', 'salad']",0
"['presentation', 'food', 'awful']",0
"['cant', 'tell', 'disappointed']",0
"['think', 'food', 'flavor', 'texture', 'lacking']",0
"['appetite', 'instantly', 'gone']",0
"['overall', 'not', 'impressed', 'would', 'not', 'go', 'back']",0
"['whole', 'experience', 'underwhelming', 'think', 'well', 'go', 'ninja', 'sushi', 'next', 'time']",0
"['hadnt', 'wasted', 'enough', 'life', 'poured', 'salt', 'wound', 'drawing', 'time', 'took', 'bring', 'check']",0
